{"cameraMode":{"drawMode":0,"name":"Shaded","section":"Shading Mode"},"sceneLighting":false,"audioPlay":false,"sceneViewState":{"showFog":true,"showMaterialUpdate":false,"showSkybox":false,"showFlares":true,"showImageEffects":true,"showParticleSystems":true},"in2DMode":false,"pivot":{"x":21.010000228881837,"y":0.9825000166893005,"z":0.0},"rotation":{"x":0.0660114660859108,"y":0.33764177560806277,"z":-0.023744529113173486,"w":0.9386568665504456},"size":6.559787750244141,"orthographic":false}