{"cameraMode":{"drawMode":0,"name":"Shaded","section":"Shading Mode"},"sceneLighting":false,"audioPlay":false,"sceneViewState":{"showFog":true,"showMaterialUpdate":false,"showSkybox":false,"showFlares":true,"showImageEffects":true,"showParticleSystems":true},"in2DMode":false,"pivot":{"x":-3.4529294967651369,"y":-1.0666091442108155,"z":18.063261032104493},"rotation":{"x":0.10050678998231888,"y":-0.14039739966392518,"z":0.014327704906463623,"w":0.9848765134811401},"size":12.382744789123536,"orthographic":false}