{"cameraMode":{"drawMode":0,"name":"Shaded","section":"Shading Mode"},"sceneLighting":false,"audioPlay":false,"sceneViewState":{"showFog":true,"showMaterialUpdate":false,"showSkybox":false,"showFlares":true,"showImageEffects":true,"showParticleSystems":true},"in2DMode":false,"pivot":{"x":-0.11503996700048447,"y":-0.010007157921791077,"z":5.72421932220459},"rotation":{"x":0.010485331527888775,"y":0.04827866330742836,"z":-0.0005064270226284862,"w":0.998778760433197},"size":2.4589805603027345,"orthographic":false}